{
    "foreground_intensity_properties_per_channel": {
        "0": {
            "max": 332.0,
            "mean": 181.2578125,
            "median": 181.0,
            "min": 0.0,
            "percentile_00_5": 1.0,
            "percentile_99_5": 323.0,
            "std": 55.323936462402344
        }
    },
    "median_relative_size_after_cropping": 0.9105954142011834,
    "shapes_after_crop": [
        [
            1,
            191,
            198
        ],
        [
            1,
            191,
            198
        ],
        [
            1,
            4,
            3
        ],
        [
            1,
            191,
            198
        ],
        [
            1,
            3,
            3
        ],
        [
            1,
            5,
            5
        ],
        [
            1,
            191,
            198
        ],
        [
            1,
            191,
            198
        ],
        [
            1,
            191,
            198
        ],
        [
            1,
            191,
            198
        ],
        [
            1,
            191,
            198
        ],
        [
            1,
            191,
            198
        ],
        [
            1,
            191,
            198
        ],
        [
            1,
            191,
            198
        ],
        [
            1,
            191,
            198
        ],
        [
            1,
            206,
            206
        ],
        [
            1,
            206,
            206
        ],
        [
            1,
            206,
            206
        ],
        [
            1,
            206,
            206
        ],
        [
            1,
            206,
            206
        ],
        [
            1,
            206,
            206
        ],
        [
            1,
            206,
            206
        ],
        [
            1,
            206,
            206
        ],
        [
            1,
            206,
            206
        ],
        [
            1,
            206,
            206
        ],
        [
            1,
            195,
            197
        ],
        [
            1,
            195,
            197
        ],
        [
            1,
            195,
            197
        ],
        [
            1,
            195,
            197
        ],
        [
            1,
            195,
            197
        ],
        [
            1,
            195,
            197
        ],
        [
            1,
            195,
            197
        ],
        [
            1,
            195,
            197
        ],
        [
            1,
            195,
            197
        ],
        [
            1,
            195,
            197
        ],
        [
            1,
            206,
            206
        ],
        [
            1,
            206,
            206
        ],
        [
            1,
            206,
            206
        ],
        [
            1,
            206,
            206
        ],
        [
            1,
            206,
            206
        ],
        [
            1,
            198,
            199
        ],
        [
            1,
            198,
            199
        ],
        [
            1,
            198,
            199
        ],
        [
            1,
            198,
            199
        ],
        [
            1,
            198,
            199
        ],
        [
            1,
            198,
            199
        ],
        [
            1,
            198,
            199
        ],
        [
            1,
            198,
            199
        ],
        [
            1,
            198,
            199
        ],
        [
            1,
            198,
            199
        ],
        [
            1,
            195,
            197
        ],
        [
            1,
            195,
            197
        ],
        [
            1,
            195,
            197
        ],
        [
            1,
            195,
            197
        ],
        [
            1,
            195,
            197
        ],
        [
            1,
            195,
            197
        ],
        [
            1,
            195,
            197
        ],
        [
            1,
            195,
            197
        ],
        [
            1,
            195,
            197
        ],
        [
            1,
            195,
            197
        ],
        [
            1,
            198,
            202
        ],
        [
            1,
            198,
            202
        ],
        [
            1,
            198,
            202
        ],
        [
            1,
            198,
            202
        ],
        [
            1,
            198,
            202
        ],
        [
            1,
            200,
            204
        ],
        [
            1,
            200,
            204
        ],
        [
            1,
            200,
            204
        ],
        [
            1,
            200,
            204
        ],
        [
            1,
            200,
            204
        ],
        [
            1,
            196,
            201
        ],
        [
            1,
            196,
            201
        ],
        [
            1,
            196,
            201
        ],
        [
            1,
            196,
            201
        ],
        [
            1,
            196,
            201
        ],
        [
            1,
            204,
            206
        ],
        [
            1,
            204,
            206
        ],
        [
            1,
            204,
            206
        ],
        [
            1,
            204,
            206
        ],
        [
            1,
            204,
            206
        ],
        [
            1,
            192,
            198
        ],
        [
            1,
            192,
            198
        ],
        [
            1,
            192,
            198
        ],
        [
            1,
            192,
            198
        ],
        [
            1,
            192,
            198
        ],
        [
            1,
            206,
            206
        ],
        [
            1,
            206,
            206
        ],
        [
            1,
            206,
            206
        ],
        [
            1,
            206,
            206
        ],
        [
            1,
            206,
            206
        ],
        [
            1,
            206,
            206
        ],
        [
            1,
            206,
            206
        ],
        [
            1,
            206,
            206
        ],
        [
            1,
            206,
            206
        ],
        [
            1,
            206,
            206
        ],
        [
            1,
            196,
            200
        ],
        [
            1,
            196,
            200
        ],
        [
            1,
            196,
            200
        ],
        [
            1,
            196,
            200
        ],
        [
            1,
            196,
            200
        ],
        [
            1,
            192,
            198
        ],
        [
            1,
            192,
            198
        ],
        [
            1,
            192,
            198
        ],
        [
            1,
            192,
            198
        ],
        [
            1,
            192,
            198
        ]
    ],